Model,Window,layers,hidden,batch_size,dropout,learning_rate,mse,epochs,input_size
LSTM,50,3,64,16,0.2,0.001,0.6881706959308278,100.0,8.0
LSTM,15,2,32,16,0.2,0.005,0.5326619865060096,50.0,1.0
LSTM,15,2,32,16,0.2,0.005,0.8400957218843359,5.0,1.0
LSTM,15,3,32,16,0.2,0.005,0.8389828045406765,5.0,1.0
LSTM,15,4,32,16,0.2,0.005,1.20198096581935,5.0,1.0
LSTM,15,3,8,16,0.0,0.005,0.5710251538845894,5.0,1.0
